               epoch,      train/box_loss,      train/obj_loss,      train/cls_loss,   metrics/precision,      metrics/recall,     metrics/mAP_0.5,metrics/mAP_0.5:0.95,        val/box_loss,        val/obj_loss,        val/cls_loss,               x/lr0,               x/lr1,               x/lr2
                   0,            0.080582,            0.037881,            0.025947,             0.68453,             0.18431,             0.11096,            0.035701,            0.057412,            0.026535,            0.012281,             0.07007,           0.0033256,           0.0033256
                   1,            0.067062,            0.031835,            0.013151,             0.61369,             0.27073,             0.21518,             0.07733,            0.054409,            0.024595,           0.0078382,             0.04005,           0.0066389,           0.0066389
                   2,            0.063899,             0.03107,            0.010635,             0.54316,              0.2575,             0.19808,            0.072824,            0.056937,            0.025719,           0.0079059,             0.01001,           0.0099323,           0.0099323
                   3,            0.061957,            0.031827,           0.0099081,             0.50591,             0.14881,             0.13924,            0.052039,             0.05653,            0.033077,            0.010454,             0.00991,             0.00991,             0.00991
                   4,            0.059129,            0.031221,           0.0089402,             0.47196,             0.36633,             0.26282,             0.10396,            0.049864,            0.024952,           0.0052834,             0.00991,             0.00991,             0.00991
                   5,            0.057869,            0.030727,           0.0083583,             0.52232,             0.32348,             0.28923,             0.11251,            0.050061,            0.024529,           0.0049534,             0.00988,             0.00988,             0.00988
                   6,            0.056662,             0.03147,           0.0077355,              0.5648,              0.3288,             0.32739,             0.12998,            0.048146,            0.024973,           0.0050234,             0.00985,             0.00985,             0.00985
                   7,            0.055889,            0.030609,           0.0073641,             0.60144,              0.3041,             0.28418,             0.11273,            0.049603,              0.0255,           0.0054882,             0.00982,             0.00982,             0.00982
                   8,            0.055437,            0.030482,           0.0072761,             0.54907,             0.41995,             0.35805,             0.13804,            0.048504,             0.02441,           0.0046133,             0.00979,             0.00979,             0.00979
                   9,            0.054709,            0.030049,           0.0068616,             0.54183,             0.34685,             0.34171,             0.13162,            0.047805,            0.024504,            0.004535,             0.00976,             0.00976,             0.00976
                  10,            0.054344,            0.029633,           0.0067391,             0.44442,             0.38064,             0.34201,             0.13658,            0.047749,            0.023746,           0.0040954,             0.00973,             0.00973,             0.00973
                  11,            0.053883,            0.029693,           0.0064197,               0.377,              0.4618,             0.38273,             0.15742,            0.047483,             0.02406,           0.0040627,              0.0097,              0.0097,              0.0097
                  12,            0.053452,            0.029588,           0.0063791,               0.463,             0.43923,             0.38925,             0.15907,            0.047075,              0.0238,           0.0040122,             0.00967,             0.00967,             0.00967
                  13,            0.053108,            0.029052,           0.0061774,             0.40542,             0.46972,             0.38648,             0.15694,            0.047747,            0.024075,           0.0041478,             0.00964,             0.00964,             0.00964
                  14,            0.052594,               0.029,           0.0060403,             0.48279,             0.50862,             0.42629,             0.17403,            0.046899,            0.023809,           0.0039189,             0.00961,             0.00961,             0.00961
                  15,            0.052383,            0.029251,           0.0059761,              0.4091,             0.44403,             0.39824,             0.16073,            0.047523,            0.024332,           0.0039629,             0.00958,             0.00958,             0.00958
                  16,            0.051877,             0.02871,           0.0057723,             0.39822,             0.46814,             0.37778,             0.14803,            0.047757,            0.024777,           0.0041507,             0.00955,             0.00955,             0.00955
                  17,            0.051618,            0.028816,           0.0055639,             0.40633,             0.48847,             0.40196,             0.16358,            0.046932,            0.023934,            0.003759,             0.00952,             0.00952,             0.00952
                  18,            0.051488,            0.028267,           0.0055402,             0.46172,             0.48675,             0.41973,             0.17521,            0.047136,            0.023583,            0.003678,             0.00949,             0.00949,             0.00949
                  19,             0.05119,            0.028086,           0.0054534,             0.42822,             0.53208,             0.43812,             0.18816,            0.046535,            0.023874,           0.0037798,             0.00946,             0.00946,             0.00946
                  20,            0.050985,            0.028085,            0.005355,             0.48033,             0.44021,             0.41068,             0.16473,            0.046743,            0.023887,           0.0039213,             0.00943,             0.00943,             0.00943
                  21,            0.050784,            0.028564,           0.0053127,             0.43599,             0.45776,             0.41327,             0.17304,            0.046569,            0.023826,           0.0040569,              0.0094,              0.0094,              0.0094
                  22,            0.050399,            0.028064,           0.0052731,             0.46263,             0.49813,             0.42243,             0.17078,            0.047178,            0.024283,           0.0041886,             0.00937,             0.00937,             0.00937
                  23,             0.05032,            0.027714,           0.0050184,             0.43635,             0.43052,             0.40382,             0.16643,            0.046913,            0.024192,           0.0041121,             0.00934,             0.00934,             0.00934
                  24,            0.049915,            0.027496,           0.0050496,             0.41649,             0.49615,             0.43718,             0.17878,            0.047335,            0.024194,           0.0038235,             0.00931,             0.00931,             0.00931
                  25,            0.049952,            0.028095,           0.0049012,             0.50368,             0.47259,             0.41636,             0.16707,            0.046531,            0.024128,            0.003798,             0.00928,             0.00928,             0.00928
                  26,            0.049303,             0.02768,           0.0048639,             0.47458,             0.48205,             0.42619,             0.17623,            0.048126,             0.02429,           0.0038742,             0.00925,             0.00925,             0.00925
                  27,            0.049072,            0.027496,           0.0046177,             0.45956,             0.44102,             0.40648,             0.16701,            0.046837,             0.02395,           0.0035622,             0.00922,             0.00922,             0.00922
                  28,            0.049316,            0.027148,           0.0047031,             0.50276,              0.4411,             0.43138,             0.18152,            0.046778,            0.024097,           0.0040024,             0.00919,             0.00919,             0.00919
                  29,             0.04873,            0.027278,           0.0045003,             0.47574,             0.46445,             0.43318,             0.17187,            0.047072,            0.024175,           0.0039423,             0.00916,             0.00916,             0.00916
                  30,            0.049128,            0.027265,           0.0045684,             0.46108,             0.47988,             0.41941,             0.17013,            0.047611,            0.024239,           0.0040312,             0.00913,             0.00913,             0.00913
                  31,             0.04874,            0.027326,           0.0045313,               0.477,             0.43704,             0.42301,             0.17716,            0.047245,            0.024494,           0.0042004,              0.0091,              0.0091,              0.0091
                  32,            0.047817,            0.027033,            0.004336,             0.43837,             0.46165,             0.40642,             0.16874,            0.047607,            0.024424,           0.0040135,             0.00907,             0.00907,             0.00907
                  33,            0.047891,            0.027017,           0.0041365,             0.48877,             0.44358,              0.4322,             0.18425,            0.047243,            0.024212,           0.0041686,             0.00904,             0.00904,             0.00904
                  34,            0.047493,             0.02719,           0.0043392,             0.45308,             0.48756,             0.41906,             0.17519,            0.047714,             0.02473,           0.0042945,             0.00901,             0.00901,             0.00901
                  35,            0.047445,             0.02687,           0.0041871,             0.53177,              0.4817,             0.42967,             0.18075,            0.046953,              0.0245,           0.0041156,             0.00898,             0.00898,             0.00898
                  36,            0.047288,            0.026395,           0.0040806,             0.48269,             0.51842,             0.44443,             0.18928,            0.047241,            0.024244,           0.0038535,             0.00895,             0.00895,             0.00895
                  37,            0.047589,              0.0268,           0.0041339,             0.52764,             0.47917,             0.45512,             0.18673,            0.046434,            0.024393,           0.0038945,             0.00892,             0.00892,             0.00892
                  38,            0.047113,            0.026435,           0.0040011,             0.49958,             0.47693,             0.41561,             0.17205,            0.047359,            0.024814,           0.0038833,             0.00889,             0.00889,             0.00889
                  39,            0.047038,            0.026317,           0.0040133,             0.51096,             0.48965,             0.44522,             0.18372,            0.047127,            0.024085,           0.0039566,             0.00886,             0.00886,             0.00886
                  40,            0.046699,            0.026098,           0.0039616,             0.48977,             0.48027,             0.43081,             0.16701,             0.04796,            0.024622,           0.0037284,             0.00883,             0.00883,             0.00883
                  41,            0.046387,            0.025929,           0.0038565,             0.49473,             0.45055,             0.42567,             0.17941,            0.047322,            0.024582,           0.0039783,              0.0088,              0.0088,              0.0088
                  42,            0.046275,            0.026322,           0.0038663,             0.53086,             0.50963,             0.44371,             0.18182,            0.047356,            0.024812,           0.0041932,             0.00877,             0.00877,             0.00877
                  43,            0.046528,            0.025854,           0.0040526,             0.56826,             0.43856,             0.43444,             0.17788,            0.047372,            0.025282,           0.0039259,             0.00874,             0.00874,             0.00874
                  44,            0.045961,            0.025564,           0.0037475,             0.50155,             0.49755,             0.44098,             0.18943,            0.047499,            0.024855,           0.0039239,             0.00871,             0.00871,             0.00871
                  45,            0.045559,            0.025609,            0.003653,             0.50656,             0.45881,             0.42881,             0.17776,            0.047536,            0.025497,            0.004139,             0.00868,             0.00868,             0.00868
                  46,            0.045383,            0.025717,           0.0036211,             0.51085,             0.47179,             0.43117,             0.17951,            0.047518,            0.025209,           0.0038931,             0.00865,             0.00865,             0.00865
                  47,            0.045876,            0.025525,           0.0038309,             0.48795,             0.44319,             0.42445,              0.1714,            0.047968,            0.025301,           0.0038239,             0.00862,             0.00862,             0.00862
                  48,            0.045263,            0.025652,           0.0035168,             0.46829,             0.46302,             0.40287,             0.16639,            0.047426,            0.025873,           0.0042519,             0.00859,             0.00859,             0.00859
                  49,            0.045385,            0.025838,            0.003695,             0.50519,             0.50584,             0.44719,             0.18354,            0.047434,            0.025192,           0.0038738,             0.00856,             0.00856,             0.00856
                  50,            0.044612,            0.025262,           0.0034803,             0.47702,               0.524,             0.43097,             0.18004,             0.04745,            0.025662,           0.0039766,             0.00853,             0.00853,             0.00853
                  51,            0.044787,            0.025508,           0.0035165,             0.54073,             0.46098,             0.44438,             0.18201,            0.047724,            0.025703,           0.0038282,              0.0085,              0.0085,              0.0085
                  52,            0.044584,            0.025218,           0.0035152,              0.5015,             0.50949,             0.45168,              0.1842,            0.047948,            0.025531,           0.0038436,             0.00847,             0.00847,             0.00847
                  53,            0.044576,            0.025063,           0.0033261,             0.46123,             0.54682,             0.44993,             0.18782,            0.047779,            0.025577,           0.0038881,             0.00844,             0.00844,             0.00844
                  54,            0.044398,             0.02456,           0.0034648,             0.49729,             0.47992,             0.43805,             0.17889,            0.047986,            0.026114,           0.0038631,             0.00841,             0.00841,             0.00841
                  55,            0.043805,            0.024679,           0.0033645,             0.48805,             0.47697,             0.43159,             0.17658,            0.047955,            0.026386,           0.0038885,             0.00838,             0.00838,             0.00838
                  56,            0.043723,            0.024764,           0.0033086,             0.50784,             0.52852,              0.4664,             0.18954,            0.047587,            0.026219,           0.0041688,             0.00835,             0.00835,             0.00835
                  57,            0.044143,            0.024761,            0.003413,             0.53663,             0.54626,             0.47174,             0.19707,            0.047342,            0.026205,           0.0038793,             0.00832,             0.00832,             0.00832
                  58,            0.043826,            0.024532,            0.003348,             0.53527,             0.49974,             0.46017,             0.19027,            0.047727,            0.025887,           0.0039425,             0.00829,             0.00829,             0.00829
                  59,            0.043155,            0.024076,           0.0032164,              0.5039,             0.50764,             0.44087,             0.18763,            0.047711,            0.026225,           0.0038572,             0.00826,             0.00826,             0.00826
                  60,            0.043164,            0.024476,           0.0032129,             0.50206,             0.50716,             0.45641,             0.19576,            0.047747,            0.026532,           0.0039858,             0.00823,             0.00823,             0.00823
                  61,            0.043216,            0.024228,           0.0031739,             0.49952,             0.53276,             0.46804,             0.19227,            0.047888,            0.026509,           0.0039098,              0.0082,              0.0082,              0.0082
                  62,            0.042589,            0.024204,            0.003148,             0.51029,             0.48105,             0.44595,             0.18921,            0.047685,            0.026806,           0.0039934,             0.00817,             0.00817,             0.00817
                  63,             0.04299,             0.02434,           0.0032799,             0.51822,              0.5163,             0.47232,             0.20326,            0.047667,            0.026935,           0.0039545,             0.00814,             0.00814,             0.00814
                  64,            0.042348,            0.024046,           0.0029903,             0.52106,             0.49351,             0.44876,             0.19269,            0.047846,            0.027113,           0.0039491,             0.00811,             0.00811,             0.00811
                  65,            0.042535,            0.023999,            0.003165,             0.51067,             0.49542,             0.45255,             0.18935,               0.048,            0.027128,            0.003915,             0.00808,             0.00808,             0.00808
                  66,            0.042385,            0.024318,           0.0031419,             0.52152,             0.49623,             0.44993,             0.19088,            0.047884,            0.026813,           0.0039256,             0.00805,             0.00805,             0.00805
                  67,            0.041715,            0.023863,           0.0029686,             0.52164,             0.49547,             0.45906,             0.18678,            0.048108,            0.027404,            0.003966,             0.00802,             0.00802,             0.00802
                  68,            0.041945,            0.023592,           0.0030003,              0.4858,             0.49346,             0.43286,             0.18593,            0.048317,            0.027466,           0.0038971,             0.00799,             0.00799,             0.00799
                  69,            0.041888,            0.023671,           0.0028861,             0.51485,             0.52736,             0.43948,             0.18977,            0.048434,            0.027486,           0.0040011,             0.00796,             0.00796,             0.00796
                  70,            0.041809,            0.023702,           0.0029061,             0.51717,             0.51735,             0.44396,             0.19006,            0.048115,            0.027643,           0.0039433,             0.00793,             0.00793,             0.00793
                  71,            0.041563,            0.023724,           0.0029933,             0.53198,             0.51992,             0.44452,             0.18883,            0.047849,            0.027609,           0.0040166,              0.0079,              0.0079,              0.0079
                  72,            0.041193,            0.023031,           0.0028839,             0.56427,             0.49716,             0.44856,             0.18988,            0.047996,            0.027935,           0.0041532,             0.00787,             0.00787,             0.00787
                  73,            0.041168,            0.023203,           0.0030768,             0.52587,             0.48724,             0.44875,             0.19083,            0.048208,            0.028091,           0.0042074,             0.00784,             0.00784,             0.00784
                  74,             0.04106,            0.022868,           0.0029622,             0.51694,             0.50491,             0.45158,             0.18981,            0.048162,            0.028167,           0.0040909,             0.00781,             0.00781,             0.00781
                  75,            0.041216,            0.022846,           0.0030019,             0.54756,             0.49161,              0.4428,               0.188,            0.048491,              0.0283,           0.0040634,             0.00778,             0.00778,             0.00778
                  76,             0.04096,             0.02306,           0.0028602,             0.51768,             0.50304,             0.44108,             0.19126,            0.048624,            0.028153,           0.0041404,             0.00775,             0.00775,             0.00775
                  77,            0.040622,            0.022796,           0.0028444,             0.52112,             0.49112,             0.43305,             0.18227,            0.048456,            0.028389,           0.0040613,             0.00772,             0.00772,             0.00772
                  78,            0.040746,            0.022896,           0.0029437,             0.52898,             0.49634,             0.42997,             0.17918,            0.048233,            0.028406,           0.0040212,             0.00769,             0.00769,             0.00769
                  79,            0.040324,            0.022986,           0.0027672,              0.5366,             0.54838,             0.45018,             0.19043,            0.048052,            0.028119,           0.0040836,             0.00766,             0.00766,             0.00766
                  80,            0.040114,            0.022608,           0.0028242,             0.57063,              0.5153,             0.45085,             0.18845,            0.048323,            0.028241,            0.004169,             0.00763,             0.00763,             0.00763
                  81,            0.039951,             0.02276,           0.0027065,             0.55775,             0.52796,             0.46897,              0.1955,             0.04853,             0.02851,           0.0041197,              0.0076,              0.0076,              0.0076
                  82,            0.039851,            0.022559,           0.0027312,             0.56049,             0.54084,             0.47382,             0.19432,            0.048705,            0.028787,           0.0041641,             0.00757,             0.00757,             0.00757
                  83,            0.039759,            0.022986,           0.0027412,             0.57026,             0.51291,             0.47623,              0.1936,            0.048567,             0.02905,           0.0042171,             0.00754,             0.00754,             0.00754
                  84,            0.039814,            0.022219,           0.0026568,             0.53684,             0.52775,              0.4709,             0.19624,            0.048586,            0.029089,           0.0042322,             0.00751,             0.00751,             0.00751
                  85,            0.039658,            0.022018,           0.0026396,             0.54389,             0.52045,             0.44684,              0.1899,            0.048668,            0.029271,           0.0043488,             0.00748,             0.00748,             0.00748
                  86,            0.039385,            0.022268,           0.0026748,             0.52839,             0.51447,             0.44421,             0.18807,             0.04859,            0.029228,           0.0042597,             0.00745,             0.00745,             0.00745
                  87,            0.039185,            0.021862,            0.002745,             0.56599,             0.47034,             0.45047,              0.1893,            0.048495,            0.029402,            0.004328,             0.00742,             0.00742,             0.00742
                  88,             0.03922,            0.022228,           0.0027301,              0.5472,             0.50008,             0.44706,             0.19123,            0.048641,            0.029528,           0.0042653,             0.00739,             0.00739,             0.00739
                  89,            0.039342,            0.021992,           0.0026618,             0.51227,             0.53589,                0.44,             0.19226,            0.048708,            0.029934,           0.0041824,             0.00736,             0.00736,             0.00736
                  90,            0.039027,            0.022068,           0.0026001,             0.54813,             0.51959,             0.46186,              0.2011,            0.048737,            0.029829,           0.0041764,             0.00733,             0.00733,             0.00733
                  91,            0.038477,            0.021958,           0.0025485,             0.59095,             0.49823,             0.47253,             0.20855,            0.048751,             0.02978,           0.0042011,              0.0073,              0.0073,              0.0073
                  92,            0.038601,            0.021823,           0.0025776,             0.61293,               0.508,             0.46608,             0.20344,            0.048914,             0.02977,           0.0042613,             0.00727,             0.00727,             0.00727
                  93,            0.038648,            0.021767,           0.0026051,             0.59421,             0.47818,             0.45684,             0.19919,            0.048782,            0.030006,           0.0041829,             0.00724,             0.00724,             0.00724
                  94,            0.038722,            0.021775,           0.0025927,             0.54612,             0.51692,             0.46146,              0.2014,            0.048646,            0.030123,           0.0041521,             0.00721,             0.00721,             0.00721
                  95,            0.038443,            0.021665,            0.002575,             0.55542,             0.52097,             0.46346,             0.19751,            0.048821,            0.030176,           0.0041104,             0.00718,             0.00718,             0.00718
                  96,            0.038265,             0.02165,           0.0024991,             0.55391,             0.54382,             0.46937,             0.20005,            0.048925,            0.030292,           0.0041427,             0.00715,             0.00715,             0.00715
                  97,            0.038081,            0.021306,           0.0026315,             0.54237,             0.51899,             0.46258,             0.19962,            0.048896,            0.030286,           0.0041946,             0.00712,             0.00712,             0.00712
                  98,            0.038036,            0.021379,            0.002414,              0.5591,             0.52885,              0.4702,             0.19894,            0.049068,            0.030361,            0.004215,             0.00709,             0.00709,             0.00709
                  99,            0.038088,             0.02126,           0.0025007,             0.58465,             0.51139,             0.45776,             0.19633,            0.049205,            0.030605,           0.0042121,             0.00706,             0.00706,             0.00706
                 100,             0.03774,            0.021118,           0.0025303,             0.57759,             0.52364,             0.46055,             0.19677,            0.049295,            0.030817,           0.0042199,             0.00703,             0.00703,             0.00703
                 101,            0.038298,            0.021377,           0.0025239,             0.57069,             0.50457,             0.45818,              0.1976,            0.049312,            0.030905,           0.0042009,               0.007,               0.007,               0.007
                 102,            0.037709,            0.021283,           0.0025417,             0.58153,             0.50289,             0.46026,             0.19751,            0.049193,            0.031136,           0.0041878,             0.00697,             0.00697,             0.00697
                 103,            0.037833,            0.021154,           0.0025705,             0.55572,             0.49548,             0.44846,              0.1931,            0.049216,            0.031236,           0.0041678,             0.00694,             0.00694,             0.00694
                 104,             0.03734,            0.021442,           0.0024837,             0.52779,             0.51146,             0.45621,             0.19364,            0.049281,            0.031295,           0.0041358,             0.00691,             0.00691,             0.00691
                 105,             0.03719,            0.021017,           0.0024908,             0.56796,             0.48857,              0.4581,             0.19034,            0.049354,            0.031248,           0.0041069,             0.00688,             0.00688,             0.00688
                 106,            0.037394,            0.020971,           0.0023974,             0.56924,             0.48468,             0.45529,             0.19436,             0.04937,            0.031319,           0.0041544,             0.00685,             0.00685,             0.00685
                 107,            0.036705,            0.021047,           0.0024485,             0.54763,             0.50335,             0.45334,             0.19296,            0.049312,            0.031385,            0.004175,             0.00682,             0.00682,             0.00682
                 108,            0.036883,            0.021022,           0.0025035,             0.55424,             0.51064,             0.45288,             0.19089,            0.049315,            0.031551,           0.0041816,             0.00679,             0.00679,             0.00679
                 109,            0.036787,            0.021127,           0.0024798,             0.56755,             0.50114,             0.45387,             0.19275,            0.049418,            0.031752,           0.0041892,             0.00676,             0.00676,             0.00676
                 110,            0.037008,            0.020734,           0.0025246,             0.53626,             0.51451,             0.45439,             0.19152,            0.049523,            0.031923,           0.0042082,             0.00673,             0.00673,             0.00673
                 111,            0.036676,            0.020513,           0.0023489,             0.56331,             0.49838,             0.45182,             0.19155,            0.049569,            0.032114,           0.0041981,              0.0067,              0.0067,              0.0067
                 112,            0.036531,            0.020813,           0.0023487,             0.56546,              0.4891,               0.447,             0.18965,              0.0496,            0.032323,           0.0041965,             0.00667,             0.00667,             0.00667
                 113,            0.036086,            0.020525,           0.0023461,              0.5598,             0.49047,             0.44625,             0.19038,            0.049537,            0.032427,           0.0042023,             0.00664,             0.00664,             0.00664
                 114,            0.036451,            0.020572,           0.0024489,             0.55627,             0.50663,             0.44567,             0.18725,            0.049548,             0.03253,           0.0042028,             0.00661,             0.00661,             0.00661
                 115,             0.03596,              0.0201,           0.0023712,             0.55656,             0.51051,             0.44764,             0.18942,            0.049526,            0.032562,           0.0041922,             0.00658,             0.00658,             0.00658
                 116,            0.036258,            0.020411,             0.00238,             0.56641,             0.49242,              0.4463,             0.19031,            0.049495,            0.032599,              0.0042,             0.00655,             0.00655,             0.00655
                 117,            0.036136,            0.020368,           0.0024561,             0.56667,             0.49291,             0.44181,             0.18877,            0.049468,            0.032585,           0.0042151,             0.00652,             0.00652,             0.00652
                 118,            0.035697,            0.019988,           0.0023898,              0.5846,             0.48735,             0.43887,             0.18722,            0.049496,             0.03268,           0.0042267,             0.00649,             0.00649,             0.00649
                 119,            0.035551,            0.019917,           0.0022164,             0.57608,             0.49359,             0.44235,             0.18987,             0.04948,            0.032768,           0.0042399,             0.00646,             0.00646,             0.00646
                 120,            0.035744,            0.020172,            0.002309,             0.57151,             0.49285,             0.44854,             0.18777,            0.049454,            0.032856,           0.0042311,             0.00643,             0.00643,             0.00643
                 121,            0.035282,            0.019846,           0.0022664,             0.56556,              0.4952,             0.45007,             0.19062,            0.049428,             0.03293,           0.0042382,              0.0064,              0.0064,              0.0064
                 122,            0.035523,            0.020042,           0.0022373,             0.57127,             0.49514,             0.44482,             0.18918,            0.049424,            0.032943,           0.0042342,             0.00637,             0.00637,             0.00637
                 123,            0.035454,            0.020187,           0.0022331,              0.5732,             0.49481,             0.44335,             0.18814,             0.04943,            0.033024,           0.0042463,             0.00634,             0.00634,             0.00634
                 124,            0.035551,            0.019957,           0.0022795,             0.54321,             0.53288,             0.44237,             0.18977,            0.049421,            0.033106,           0.0042606,             0.00631,             0.00631,             0.00631
                 125,            0.035023,            0.019741,           0.0021321,             0.54455,             0.52561,             0.43951,              0.1884,            0.049464,            0.033196,           0.0042613,             0.00628,             0.00628,             0.00628
                 126,            0.035346,            0.019475,           0.0022375,             0.57723,             0.48409,             0.43557,             0.18872,            0.049515,            0.033279,           0.0042553,             0.00625,             0.00625,             0.00625
                 127,            0.035215,            0.019689,           0.0022481,             0.57886,             0.48469,               0.437,             0.18834,            0.049534,            0.033349,           0.0042496,             0.00622,             0.00622,             0.00622
                 128,            0.035255,            0.019728,           0.0023121,             0.57522,             0.48633,             0.44019,              0.1888,            0.049548,            0.033414,           0.0042474,             0.00619,             0.00619,             0.00619
                 129,            0.035137,            0.019973,           0.0022123,             0.57488,             0.48725,             0.44019,             0.18976,            0.049546,            0.033468,           0.0042541,             0.00616,             0.00616,             0.00616
                 130,            0.034628,            0.019565,           0.0022952,             0.56111,             0.51151,             0.44708,             0.19108,            0.049516,            0.033523,           0.0042547,             0.00613,             0.00613,             0.00613
                 131,            0.034772,             0.01971,           0.0022846,             0.56715,             0.50315,             0.44849,             0.19234,            0.049504,            0.033596,           0.0042527,              0.0061,              0.0061,              0.0061
                 132,            0.034666,            0.019547,           0.0021713,             0.55977,              0.5095,              0.4462,             0.19145,             0.04952,            0.033648,            0.004265,             0.00607,             0.00607,             0.00607
                 133,            0.034587,             0.01935,           0.0022115,             0.56337,             0.50863,             0.44591,             0.19086,            0.049538,             0.03372,           0.0042784,             0.00604,             0.00604,             0.00604
                 134,            0.034361,            0.019493,           0.0022552,             0.57647,             0.50001,              0.4501,             0.19103,             0.04955,            0.033836,           0.0042771,             0.00601,             0.00601,             0.00601
                 135,            0.034499,            0.019229,           0.0022011,             0.59442,             0.49539,             0.45214,              0.1931,            0.049566,            0.033923,           0.0042772,             0.00598,             0.00598,             0.00598
                 136,             0.03436,            0.019124,           0.0021227,             0.59197,             0.49719,             0.44711,             0.19187,            0.049584,            0.033994,             0.00428,             0.00595,             0.00595,             0.00595
                 137,            0.034037,            0.019428,           0.0020855,             0.58382,             0.50101,             0.44691,             0.19182,            0.049608,            0.034083,            0.004292,             0.00592,             0.00592,             0.00592
                 138,            0.033698,            0.019263,           0.0021038,              0.5575,             0.51163,             0.44208,             0.18963,            0.049638,            0.034131,           0.0042888,             0.00589,             0.00589,             0.00589
                 139,            0.033628,            0.019478,           0.0021094,             0.55558,             0.51504,             0.44241,             0.18891,            0.049668,            0.034245,           0.0042856,             0.00586,             0.00586,             0.00586
                 140,            0.033668,            0.019325,           0.0020938,             0.57732,             0.50381,             0.44607,             0.18999,             0.04968,            0.034323,           0.0042896,             0.00583,             0.00583,             0.00583
                 141,            0.034076,            0.018982,           0.0022786,             0.55636,             0.51599,             0.44347,             0.18923,            0.049706,            0.034405,           0.0043043,              0.0058,              0.0058,              0.0058
                 142,            0.033644,            0.019051,           0.0021623,             0.58014,             0.50589,             0.44327,             0.18946,            0.049719,            0.034472,           0.0043134,             0.00577,             0.00577,             0.00577
                 143,            0.033402,            0.018947,           0.0021691,             0.55049,             0.51757,             0.44176,             0.18785,             0.04973,            0.034531,           0.0043221,             0.00574,             0.00574,             0.00574
                 144,            0.033545,            0.018898,           0.0021344,             0.55827,               0.515,             0.43907,             0.18726,            0.049751,            0.034578,           0.0043279,             0.00571,             0.00571,             0.00571
                 145,            0.033238,            0.018752,            0.001984,             0.56881,             0.51343,              0.4377,              0.1868,            0.049785,            0.034614,           0.0043321,             0.00568,             0.00568,             0.00568
                 146,            0.033242,            0.018555,           0.0020066,             0.56486,             0.51482,             0.43546,             0.18625,            0.049806,            0.034661,           0.0043392,             0.00565,             0.00565,             0.00565
                 147,            0.033809,             0.01843,           0.0021472,             0.54382,             0.51807,             0.43464,             0.18511,            0.049824,            0.034713,            0.004343,             0.00562,             0.00562,             0.00562
                 148,            0.032985,            0.018881,           0.0020589,             0.54705,             0.52021,             0.43528,             0.18497,            0.049845,            0.034753,           0.0043479,             0.00559,             0.00559,             0.00559
                 149,            0.032949,            0.018527,           0.0019981,             0.55181,             0.51601,             0.43562,             0.18599,            0.049864,            0.034796,            0.004353,             0.00556,             0.00556,             0.00556
                 150,            0.033217,            0.018335,            0.002043,             0.55779,             0.51558,             0.43504,             0.18431,            0.049866,            0.034847,           0.0043608,             0.00553,             0.00553,             0.00553
                 151,            0.032908,             0.01873,           0.0021403,             0.55289,             0.51436,             0.43536,             0.18456,            0.049884,             0.03492,           0.0043682,              0.0055,              0.0055,              0.0055
                 152,            0.033037,            0.018526,           0.0020954,             0.55227,             0.51823,             0.43537,             0.18434,            0.049895,            0.034929,           0.0043713,             0.00547,             0.00547,             0.00547
                 153,            0.032891,            0.018158,           0.0019973,             0.55746,             0.51774,             0.43954,             0.18448,            0.049905,            0.034959,           0.0043742,             0.00544,             0.00544,             0.00544
                 154,            0.032592,            0.018337,           0.0020768,             0.55933,             0.51563,             0.43974,             0.18488,            0.049916,            0.035007,           0.0043819,             0.00541,             0.00541,             0.00541
                 155,            0.033006,            0.018434,           0.0021117,             0.56017,             0.51639,             0.43992,             0.18496,            0.049916,            0.035046,            0.004382,             0.00538,             0.00538,             0.00538
                 156,            0.032385,            0.018234,           0.0019144,             0.56159,             0.51537,             0.44004,             0.18464,            0.049926,             0.03509,            0.004386,             0.00535,             0.00535,             0.00535
                 157,            0.032235,            0.018473,           0.0020129,             0.56289,             0.51579,             0.43862,             0.18412,            0.049927,            0.035136,           0.0043887,             0.00532,             0.00532,             0.00532
                 158,            0.032683,            0.018507,           0.0020628,             0.55661,             0.51522,             0.43822,             0.18404,            0.049932,            0.035173,           0.0043928,             0.00529,             0.00529,             0.00529
                 159,            0.031857,            0.018065,           0.0019598,             0.54684,             0.52115,             0.43724,             0.18293,            0.049941,            0.035215,           0.0043988,             0.00526,             0.00526,             0.00526
                 160,            0.032294,            0.018261,           0.0019441,             0.55095,             0.51984,              0.4372,             0.18331,            0.049957,            0.035258,           0.0044084,             0.00523,             0.00523,             0.00523
                 161,            0.032005,            0.018028,           0.0020187,             0.55068,             0.51959,             0.43582,             0.18242,            0.049964,            0.035305,           0.0044188,              0.0052,              0.0052,              0.0052
                 162,            0.032174,            0.018235,           0.0020199,              0.5538,              0.5196,             0.43734,             0.18321,            0.049972,            0.035371,           0.0044236,             0.00517,             0.00517,             0.00517
                 163,            0.031887,            0.017918,           0.0020135,             0.55542,              0.5148,             0.43635,             0.18367,             0.04998,            0.035404,           0.0044252,             0.00514,             0.00514,             0.00514
                 164,            0.031839,            0.018006,           0.0019799,             0.55822,             0.51695,             0.43774,             0.18226,            0.049989,            0.035453,           0.0044269,             0.00511,             0.00511,             0.00511
                 165,            0.031932,            0.017717,           0.0019519,             0.54486,             0.52436,             0.43611,             0.18292,            0.050001,            0.035495,           0.0044279,             0.00508,             0.00508,             0.00508
                 166,            0.031545,            0.017871,           0.0018751,             0.54806,             0.52276,             0.43594,             0.18283,            0.050006,             0.03556,           0.0044269,             0.00505,             0.00505,             0.00505
                 167,            0.031405,            0.017642,           0.0018664,             0.54126,             0.52542,             0.43491,             0.18248,            0.050007,            0.035617,           0.0044267,             0.00502,             0.00502,             0.00502
                 168,            0.031569,              0.0176,           0.0019889,             0.53968,             0.52417,             0.43529,             0.18252,            0.050013,            0.035669,           0.0044281,             0.00499,             0.00499,             0.00499
                 169,            0.031822,            0.017788,           0.0019748,             0.53735,             0.52321,              0.4348,              0.1822,            0.050024,            0.035715,           0.0044309,             0.00496,             0.00496,             0.00496
                 170,             0.03109,            0.017425,           0.0017794,             0.53495,             0.51589,             0.43271,             0.18244,            0.050033,            0.035757,           0.0044328,             0.00493,             0.00493,             0.00493
                 171,            0.030933,            0.017511,           0.0018308,             0.53348,             0.51506,             0.43264,             0.18257,             0.05004,             0.03579,           0.0044336,              0.0049,              0.0049,              0.0049
                 172,            0.031405,             0.01758,           0.0018308,             0.53486,             0.52307,             0.43416,             0.18222,            0.050047,            0.035833,           0.0044337,             0.00487,             0.00487,             0.00487
                 173,            0.030922,            0.017548,           0.0019003,             0.53288,             0.52427,             0.43428,             0.18179,            0.050052,            0.035862,           0.0044345,             0.00484,             0.00484,             0.00484
                 174,            0.030931,            0.017548,           0.0019019,             0.52965,               0.526,             0.43448,             0.18161,             0.05006,              0.0359,           0.0044368,             0.00481,             0.00481,             0.00481
                 175,            0.031153,            0.017423,           0.0018581,             0.59587,             0.47149,             0.43344,             0.18156,            0.050065,             0.03593,           0.0044357,             0.00478,             0.00478,             0.00478
                 176,            0.031305,            0.017521,           0.0019067,             0.60192,             0.46755,             0.43227,             0.18185,            0.050072,            0.035968,           0.0044367,             0.00475,             0.00475,             0.00475
                 177,            0.031082,            0.017331,           0.0018899,             0.52879,             0.52773,             0.43247,             0.18193,             0.05008,            0.035995,           0.0044392,             0.00472,             0.00472,             0.00472
                 178,            0.030468,            0.017378,           0.0018193,             0.53358,             0.52718,              0.4318,             0.18182,            0.050088,            0.036016,           0.0044433,             0.00469,             0.00469,             0.00469
                 179,            0.030736,            0.017434,           0.0019865,             0.53487,             0.52374,             0.43182,             0.18169,            0.050095,            0.036041,           0.0044452,             0.00466,             0.00466,             0.00466
                 180,            0.030359,            0.016936,           0.0018499,             0.53177,             0.51951,             0.43165,             0.18179,            0.050105,            0.036072,           0.0044483,             0.00463,             0.00463,             0.00463
                 181,            0.030321,            0.017511,           0.0017998,             0.53308,             0.51882,             0.43175,             0.18233,            0.050114,            0.036094,           0.0044504,              0.0046,              0.0046,              0.0046
                 182,            0.030194,            0.017063,           0.0018002,              0.5989,             0.47021,             0.43145,             0.18215,            0.050121,            0.036125,           0.0044521,             0.00457,             0.00457,             0.00457
                 183,            0.030538,            0.017053,           0.0018224,             0.60121,             0.46992,             0.43116,             0.18171,            0.050127,            0.036154,           0.0044531,             0.00454,             0.00454,             0.00454
                 184,            0.030299,            0.016895,            0.001816,             0.60399,             0.46993,             0.43064,             0.18172,            0.050136,             0.03619,           0.0044553,             0.00451,             0.00451,             0.00451
                 185,            0.030526,            0.017101,           0.0018258,             0.59651,              0.4729,             0.43013,             0.18166,            0.050145,            0.036216,           0.0044562,             0.00448,             0.00448,             0.00448
                 186,            0.029931,            0.016826,           0.0017616,             0.59612,             0.47308,             0.42985,             0.18107,            0.050151,            0.036246,           0.0044576,             0.00445,             0.00445,             0.00445
                 187,            0.030112,            0.016768,           0.0018297,             0.59481,             0.47356,             0.42975,             0.18081,            0.050161,             0.03628,           0.0044587,             0.00442,             0.00442,             0.00442
                 188,            0.029932,            0.016737,           0.0017889,             0.59703,             0.47369,             0.43065,             0.18122,            0.050172,            0.036319,           0.0044618,             0.00439,             0.00439,             0.00439
                 189,            0.029904,            0.016541,            0.001781,             0.59967,             0.47068,             0.42923,             0.18086,            0.050181,            0.036358,           0.0044625,             0.00436,             0.00436,             0.00436
                 190,            0.029889,            0.016946,           0.0018368,              0.5993,             0.47102,             0.43028,             0.18114,            0.050184,            0.036397,           0.0044616,             0.00433,             0.00433,             0.00433
                 191,            0.029499,            0.016712,            0.001773,              0.5993,             0.47066,             0.42969,             0.18102,            0.050185,            0.036442,           0.0044618,              0.0043,              0.0043,              0.0043
                 192,            0.029791,             0.01669,           0.0017711,             0.55772,             0.50289,             0.43044,             0.18162,            0.050188,            0.036483,           0.0044635,             0.00427,             0.00427,             0.00427
                 193,            0.029789,            0.016854,           0.0017929,             0.55705,             0.50291,             0.43014,             0.18258,            0.050194,            0.036508,           0.0044649,             0.00424,             0.00424,             0.00424
                 194,            0.029546,            0.016751,           0.0017234,             0.55677,             0.50318,             0.42943,             0.18187,            0.050202,            0.036533,           0.0044672,             0.00421,             0.00421,             0.00421
                 195,            0.029235,            0.016362,           0.0017038,             0.55474,             0.50481,             0.42873,             0.18215,            0.050207,            0.036559,           0.0044679,             0.00418,             0.00418,             0.00418
                 196,            0.029474,            0.016929,           0.0017202,             0.60101,             0.47062,             0.42864,             0.18212,            0.050214,            0.036603,           0.0044686,             0.00415,             0.00415,             0.00415
